symbol,strategy,date,entry_time,exit_time,entry,exit,shares,stop,target,pnl,r_multiple,exit_reason,signal_reason,side
AAPL,strategy10_scalp,2026-07-23,09:37:00,10:31:00,321.89,322.1521,62,323.9059,0.0,-16.25,-0.13,trail_stop,pdl_break_retest_short,short
AAPL,strategy10_scalp,2026-07-23,12:29:00,13:50:00,320.385,321.3359,62,321.366,0.0,-58.96,-0.969,trail_stop,orl_break_retest_short,short
AAPL,strategy10_scalp,2026-07-24,09:33:00,12:49:00,324.92,332.955,61,322.905,0.0,490.14,3.988,trail_stop,pdh_break_retest_long,long
AAPL,strategy10_scalp,2026-07-27,09:39:00,11:40:00,335.83,337.265,59,333.095,0.0,84.67,0.525,trail_stop,pdh_break_retest_long,long
AAPL,strategy10_scalp,2026-07-27,11:45:00,12:55:00,338.3,336.015,59,335.845,0.0,-134.81,-0.931,trail_stop,orh_break_retest_long,long
AAPL,strategy10_scalp,2026-07-28,09:36:00,09:37:00,339.9575,339.005,58,339.015,0.0,-55.24,-1.011,stop,pdh_break_retest_long,long
AAPL,strategy10_scalp,2026-07-28,10:10:00,10:23:00,336.65,338.275,59,338.265,0.0,-95.87,-1.006,stop,orl_break_retest_short,short
AAPL,strategy10_scalp,2026-07-29,09:49:00,10:17:00,343.09,341.491,58,341.501,0.0,-92.74,-1.006,stop,orh_break_retest_long,long
AAPL,strategy10_scalp,2026-07-29,13:43:00,15:00:00,343.3499,342.721,58,342.161,0.0,-36.48,-0.529,trail_stop,pdh_break_retest_long,long
AAPL,strategy10_scalp,2026-07-30,09:47:00,09:51:00,331.53,332.742,60,332.732,0.0,-72.72,-1.008,stop,orl_break_retest_short,short
AAPL,strategy10_scalp,2026-08-03,10:07:00,10:14:00,304.45,306.249,65,306.239,0.0,-116.94,-1.006,stop,orl_break_retest_short,short
AAPL,strategy10_scalp,2026-08-04,09:57:00,15:06:00,305.19,308.416,65,303.566,0.0,209.69,1.986,trail_stop,orh_break_retest_long,long
AAPL,strategy10_scalp,2026-08-05,10:29:00,10:42:00,307.18,308.57,65,308.56,0.0,-90.35,-1.007,stop,orl_break_retest_short,short
AAPL,strategy10_scalp,2026-08-05,10:58:00,11:18:00,311.12,309.5,64,309.51,0.0,-103.68,-1.006,stop,pdh_break_retest_long,long
AAPL,strategy10_scalp,2026-08-06,10:16:00,12:20:00,313.03,310.5839,63,314.334,0.0,154.1,1.876,trail_stop,orl_break_retest_short,short
AAPL,strategy10_scalp,2026-08-06,13:59:00,15:50:00,312.055,312.45,64,311.106,0.0,25.28,0.416,eod_flat,pdh_break_retest_long,long
AAPL,strategy10_scalp,2026-08-07,10:35:00,11:20:00,314.28,313.0941,63,313.1041,0.0,-74.71,-1.009,stop,orh_break_retest_long,long
AAPL,strategy10_scalp,2026-08-11,09:39:00,11:42:00,306.66,306.9049,65,307.775,0.0,-15.92,-0.22,trail_stop,orl_break_retest_short,short
AAPL,strategy10_scalp,2026-08-11,15:00:00,15:15:00,304.335,304.985,65,304.975,0.0,-42.25,-1.016,stop,pdl_break_retest_short,short
AAPL,strategy10_scalp,2026-08-12,10:17:00,12:51:00,302.375,301.937,66,303.508,0.0,28.91,0.387,trail_stop,pdl_break_retest_short,short
AAPL,strategy10_scalp,2026-08-12,13:46:00,15:50:00,301.74,301.59,66,302.898,0.0,9.9,0.13,eod_flat,orl_break_retest_short,short
AAPL,strategy10_scalp,2026-08-13,09:41:00,09:42:00,304.6,303.741,65,303.751,0.0,-55.83,-1.012,stop,orh_break_retest_long,long
AAPL,strategy10_scalp,2026-08-14,09:34:00,10:14:00,306.8501,305.595,65,305.605,0.0,-81.58,-1.008,stop,pdh_break_retest_long,long
AAPL,strategy10_scalp,2026-08-14,10:26:00,11:22:00,304.82,305.5972,65,305.955,0.0,-50.52,-0.685,trail_stop,orl_break_retest_short,short
AAPL,strategy10_scalp,2026-08-17,09:55:00,11:11:00,305.4401,304.699,65,306.049,0.0,48.17,1.217,trail_stop,orl_break_retest_short,short
AAPL,strategy10_scalp,2026-08-17,13:26:00,13:33:00,304.07,304.629,65,304.619,0.0,-36.34,-1.018,stop,pdl_break_retest_short,short
AAPL,strategy10_scalp,2026-08-18,10:04:00,11:00:00,308.93,310.1779,64,307.4779,0.0,79.87,0.859,trail_stop,orh_break_retest_long,long
AAPL,strategy10_scalp,2026-08-19,09:40:00,10:23:00,312.27,315.765,64,310.915,0.0,223.68,2.579,trail_stop,pdh_break_retest_long,long
AAPL,strategy10_scalp,2026-08-20,11:18:00,15:50:00,316.15,312.68,63,317.6341,0.0,218.61,2.338,eod_flat,orl_break_retest_short,short
AAPL,strategy10_scalp,2026-08-21,09:51:00,10:43:00,307.122,308.653,65,308.643,0.0,-99.52,-1.007,stop,orl_break_retest_short,short
AAPL,strategy10_scalp,2026-08-21,13:43:00,15:29:00,310.08,309.853,64,311.613,0.0,14.53,0.148,trail_stop,pdl_break_retest_short,short
AMD,strategy10_scalp,2026-07-23,09:43:00,09:58:00,555.285,548.434,36,548.444,0.0,-246.64,-1.001,stop,orh_break_retest_long,long
AMD,strategy10_scalp,2026-07-23,11:17:00,12:25:00,539.99,544.1859,37,545.536,0.0,-155.25,-0.757,trail_stop,orl_break_retest_short,short
AMD,strategy10_scalp,2026-07-24,09:41:00,10:58:00,537.02,529.659,37,543.719,0.0,272.36,1.099,trail_stop,orl_break_retest_short,short
AMD,strategy10_scalp,2026-07-24,15:08:00,15:50:00,521.385,524.165,38,528.149,0.0,-105.64,-0.411,eod_flat,pdl_break_retest_short,short
AMD,strategy10_scalp,2026-07-27,09:41:00,12:04:00,513.82,484.7081,38,521.1,0.0,1106.25,3.999,trail_stop,pdl_break_retest_short,short
AMD,strategy10_scalp,2026-07-28,09:43:00,10:50:00,454.6508,454.617,43,462.907,0.0,1.45,0.004,trail_stop,orl_break_retest_short,short
AMD,strategy10_scalp,2026-07-29,10:00:00,12:30:00,440.645,430.5267,45,445.318,0.0,455.32,2.165,trail_stop,pdl_break_retest_short,short
AMD,strategy10_scalp,2026-07-29,15:18:00,15:50:00,444.54,434.77,44,450.518,0.0,429.88,1.634,eod_flat,orl_break_retest_short,short
AMD,strategy10_scalp,2026-07-30,09:35:00,10:53:00,461.55,488.1812,43,453.9012,0.0,1145.14,3.482,trail_stop,pdh_break_retest_long,long
AMD,strategy10_scalp,2026-08-03,10:06:00,11:28:00,468.02,478.1041,42,460.744,0.0,423.53,1.386,trail_stop,orh_break_retest_long,long
AMD,strategy10_scalp,2026-08-04,09:46:00,09:56:00,513.95,507.9154,38,507.9254,0.0,-229.32,-1.002,stop,orh_break_retest_long,long
AMD,strategy10_scalp,2026-08-05,09:49:00,09:52:00,499.47,491.797,40,491.807,0.0,-306.92,-1.001,stop,orh_break_retest_long,long
AMD,strategy10_scalp,2026-08-06,10:00:00,10:46:00,482.525,484.72,41,478.5,0.0,90.0,0.545,trail_stop,orh_break_retest_long,long
AMD,strategy10_scalp,2026-08-07,09:47:00,12:05:00,488.09,484.0148,40,492.482,0.0,163.01,0.928,trail_stop,orl_break_retest_short,short
AMD,strategy10_scalp,2026-08-10,09:34:00,09:47:00,474.69,478.363,42,478.353,0.0,-154.27,-1.003,stop,pdl_break_retest_short,short
AMD,strategy10_scalp,2026-08-10,09:50:00,09:55:00,479.1,475.582,41,475.592,0.0,-144.24,-1.003,stop,orh_break_retest_long,long
AMD,strategy10_scalp,2026-08-11,09:33:00,10:01:00,466.29,468.627,42,470.697,0.0,-98.15,-0.53,trail_stop,pdl_break_retest_short,short
AMD,strategy10_scalp,2026-08-11,15:38:00,15:50:00,475.75,474.73,42,473.583,0.0,-42.84,-0.471,eod_flat,orh_break_retest_long,long
AMD,strategy10_scalp,2026-08-12,10:27:00,10:55:00,490.495,487.512,40,487.522,0.0,-119.32,-1.003,stop,orh_break_retest_long,long
AMD,strategy10_scalp,2026-08-13,09:40:00,10:19:00,494.36,491.669,40,490.6089,0.0,-107.64,-0.717,trail_stop,pdh_break_retest_long,long
AMD,strategy10_scalp,2026-08-13,15:16:00,15:30:00,488.25,486.409,40,486.419,0.0,-73.64,-1.005,stop,orh_break_retest_long,long
AMD,strategy10_scalp,2026-08-14,09:56:00,11:22:00,499.26,502.75,40,496.291,0.0,139.6,1.175,trail_stop,pdh_break_retest_long,long
AMD,strategy10_scalp,2026-08-17,11:09:00,12:11:00,516.6,511.513,38,511.523,0.0,-193.31,-1.002,stop,pdh_break_retest_long,long
AMD,strategy10_scalp,2026-08-18,09:55:00,11:28:00,481.3131,479.2929,41,486.5329,0.0,82.83,0.387,trail_stop,orl_break_retest_short,short
AMD,strategy10_scalp,2026-08-20,11:24:00,15:02:00,464.3057,464.5155,43,468.0005,0.0,-9.02,-0.057,trail_stop,orl_break_retest_short,short
AMD,strategy10_scalp,2026-08-21,09:45:00,11:15:00,471.93,468.556,42,474.866,0.0,141.71,1.149,trail_stop,orl_break_retest_short,short
AMZN,strategy10_scalp,2026-07-23,10:08:00,11:58:00,235.1301,233.51,85,236.3664,0.0,137.71,1.31,trail_stop,orl_break_retest_short,short
AMZN,strategy10_scalp,2026-07-24,10:01:00,10:59:00,232.44,233.0398,86,233.5998,0.0,-51.59,-0.517,trail_stop,orl_break_retest_short,short
AMZN,strategy10_scalp,2026-07-27,09:39:00,09:40:00,235.36,234.579,84,234.589,0.0,-65.6,-1.013,stop,pdh_break_retest_long,long
AMZN,strategy10_scalp,2026-07-27,11:32:00,13:54:00,232.88,232.231,85,233.581,0.0,55.17,0.926,trail_stop,orl_break_retest_short,short
AMZN,strategy10_scalp,2026-07-28,09:46:00,10:19:00,230.005,230.5,86,230.85,0.0,-42.57,-0.586,trail_stop,orl_break_retest_short,short
AMZN,strategy10_scalp,2026-07-29,10:17:00,11:32:00,227.835,228.501,87,228.601,0.0,-57.94,-0.869,trail_stop,pdl_break_retest_short,short
AMZN,strategy10_scalp,2026-07-29,11:56:00,12:23:00,228.15,228.641,87,228.911,0.0,-42.72,-0.645,trail_stop,orl_break_retest_short,short
AMZN,strategy10_scalp,2026-07-30,09:37:00,11:13:00,233.34,236.434,85,232.154,0.0,262.99,2.609,trail_stop,pdh_break_retest_long,long
AMZN,strategy10_scalp,2026-07-31,09:57:00,10:06:00,269.54,267.7436,74,267.7536,0.0,-132.93,-1.006,stop,orh_break_retest_long,long
AMZN,strategy10_scalp,2026-08-03,09:40:00,09:50:00,286.31,283.808,69,283.818,0.0,-172.64,-1.004,stop,orh_break_retest_long,long
AMZN,strategy10_scalp,2026-08-04,09:42:00,10:10:00,277.415,278.79,72,278.92,0.0,-99.0,-0.914,trail_stop,pdl_break_retest_short,short
AMZN,strategy10_scalp,2026-08-04,10:20:00,10:26:00,280.73,279.07,71,279.08,0.0,-117.86,-1.006,stop,orh_break_retest_long,long
AMZN,strategy10_scalp,2026-08-05,09:33:00,09:36:00,282.05,280.535,70,280.545,0.0,-106.05,-1.007,stop,pdh_break_retest_long,long
AMZN,strategy10_scalp,2026-08-05,11:30:00,15:50:00,275.255,271.95,72,276.345,0.0,237.96,3.032,eod_flat,pdl_break_retest_short,short
AMZN,strategy10_scalp,2026-08-06,12:53:00,15:50:00,272.035,271.88,73,273.966,0.0,11.32,0.08,eod_flat,orl_break_retest_short,short
AMZN,strategy10_scalp,2026-08-07,09:43:00,10:08:00,276.05,275.3681,72,275.0381,0.0,-49.1,-0.674,trail_stop,pdh_break_retest_long,long
AMZN,strategy10_scalp,2026-08-07,11:00:00,12:14:00,276.94,277.0481,72,276.2881,0.0,7.78,0.166,trail_stop,orh_break_retest_long,long
AMZN,strategy10_scalp,2026-08-10,10:26:00,12:17:00,277.2595,278.634,72,276.254,0.0,98.96,1.367,trail_stop,orh_break_retest_long,long
AMZN,strategy10_scalp,2026-08-11,09:46:00,10:03:00,274.01,275.174,72,275.164,0.0,-83.81,-1.009,stop,orl_break_retest_short,short
AMZN,strategy10_scalp,2026-08-11,11:22:00,13:43:00,273.23,272.524,73,274.2541,0.0,51.54,0.689,trail_stop,pdl_break_retest_short,short
AMZN,strategy10_scalp,2026-08-12,09:53:00,12:30:00,270.65,268.828,73,272.108,0.0,133.01,1.25,trail_stop,pdl_break_retest_short,short
AMZN,strategy10_scalp,2026-08-13,09:48:00,10:55:00,268.8,267.718,74,267.594,0.0,-80.07,-0.897,trail_stop,orh_break_retest_long,long
AMZN,strategy10_scalp,2026-08-13,11:16:00,14:34:00,266.72,266.036,74,267.736,0.0,50.62,0.673,trail_stop,pdl_break_retest_short,short
AMZN,strategy10_scalp,2026-08-14,09:33:00,09:35:00,264.18,265.2025,75,265.1925,0.0,-76.69,-1.01,stop,pdl_break_retest_short,short
AMZN,strategy10_scalp,2026-08-14,10:20:00,10:21:00,265.645,264.7525,75,264.7625,0.0,-66.94,-1.011,stop,orh_break_retest_long,long
AMZN,strategy10_scalp,2026-08-17,09:45:00,09:45:00,262.045,262.769,76,262.759,0.0,-55.02,-1.014,stop,pdl_break_retest_short,short
AMZN,strategy10_scalp,2026-08-17,10:07:00,11:12:00,261.48,261.329,76,262.009,0.0,11.48,0.285,trail_stop,orl_break_retest_short,short
AMZN,strategy10_scalp,2026-08-18,10:39:00,11:16:00,261.93,260.4289,76,260.4389,0.0,-114.08,-1.007,stop,orh_break_retest_long,long
AMZN,strategy10_scalp,2026-08-19,10:44:00,11:20:00,262.88,263.105,76,261.735,0.0,17.1,0.197,trail_stop,pdh_break_retest_long,long
AMZN,strategy10_scalp,2026-08-19,11:23:00,12:48:00,263.565,264.095,75,262.2349,0.0,39.75,0.398,trail_stop,orh_break_retest_long,long
AMZN,strategy10_scalp,2026-08-20,10:16:00,10:43:00,260.58,262.432,76,262.422,0.0,-140.75,-1.005,stop,orl_break_retest_short,short
AMZN,strategy10_scalp,2026-08-21,09:44:00,09:50:00,257.83,258.642,77,258.632,0.0,-62.52,-1.012,stop,orl_break_retest_short,short
AMZN,strategy10_scalp,2026-08-21,10:08:00,10:27:00,259.095,259.962,77,259.952,0.0,-66.76,-1.012,stop,pdl_break_retest_short,short
GOOGL,strategy10_scalp,2026-07-23,10:08:00,11:38:00,319.72,317.951,62,321.041,0.0,109.68,1.339,trail_stop,orl_break_retest_short,short
GOOGL,strategy10_scalp,2026-07-24,10:11:00,10:30:00,320.975,319.491,62,319.501,0.0,-92.01,-1.007,stop,orh_break_retest_long,long
GOOGL,strategy10_scalp,2026-07-27,09:42:00,09:49:00,328.635,327.284,60,327.294,0.0,-81.06,-1.007,stop,orh_break_retest_long,long
GOOGL,strategy10_scalp,2026-07-27,10:45:00,11:34:00,324.95,327.474,61,323.494,0.0,153.96,1.734,trail_stop,pdh_break_retest_long,long
GOOGL,strategy10_scalp,2026-07-28,09:57:00,10:07:00,326.1,327.457,61,327.447,0.0,-82.78,-1.007,stop,orl_break_retest_short,short
GOOGL,strategy10_scalp,2026-07-29,09:51:00,10:53:00,332.855,334.494,60,334.664,0.0,-98.34,-0.906,trail_stop,orl_break_retest_short,short
GOOGL,strategy10_scalp,2026-07-29,13:04:00,15:18:00,336.645,339.746,59,334.736,0.0,182.96,1.624,trail_stop,pdh_break_retest_long,long
GOOGL,strategy10_scalp,2026-07-31,09:58:00,11:11:00,344.2,349.523,58,343.233,0.0,308.73,5.505,trail_stop,orh_break_retest_long,long
GOOGL,strategy10_scalp,2026-08-03,10:08:00,10:33:00,370.67,367.4776,53,367.4876,0.0,-169.2,-1.003,stop,orh_break_retest_long,long
GOOGL,strategy10_scalp,2026-08-04,09:52:00,15:50:00,373.6695,379.67,53,371.3957,0.0,318.03,2.639,eod_flat,orh_break_retest_long,long
GOOGL,strategy10_scalp,2026-08-05,09:33:00,09:47:00,382.445,379.208,52,379.218,0.0,-168.32,-1.003,stop,pdh_break_retest_long,long
GOOGL,strategy10_scalp,2026-08-05,10:09:00,10:25:00,378.67,380.642,52,380.632,0.0,-102.54,-1.005,stop,orl_break_retest_short,short
GOOGL,strategy10_scalp,2026-08-06,11:22:00,15:50:00,358.89,357.91,55,363.181,0.0,53.9,0.228,eod_flat,orl_break_retest_short,short
GOOGL,strategy10_scalp,2026-08-07,09:42:00,11:00:00,355.21,355.7446,56,357.6046,0.0,-29.94,-0.223,trail_stop,pdl_break_retest_short,short
GOOGL,strategy10_scalp,2026-08-07,12:14:00,15:11:00,355.2,355.0346,56,356.4046,0.0,9.26,0.137,trail_stop,orl_break_retest_short,short
GOOGL,strategy10_scalp,2026-08-10,09:47:00,09:59:00,353.39,354.302,56,354.292,0.0,-51.07,-1.011,stop,pdl_break_retest_short,short
GOOGL,strategy10_scalp,2026-08-10,10:02:00,10:09:00,353.41,354.422,56,354.412,0.0,-56.67,-1.01,stop,orl_break_retest_short,short
GOOGL,strategy10_scalp,2026-08-11,09:41:00,10:20:00,352.19,352.2,56,353.2,0.0,-0.56,-0.01,trail_stop,pdl_break_retest_short,short
GOOGL,strategy10_scalp,2026-08-12,10:02:00,12:49:00,342.43,342.912,58,344.732,0.0,-27.96,-0.209,trail_stop,pdl_break_retest_short,short
GOOGL,strategy10_scalp,2026-08-12,14:18:00,15:11:00,342.215,344.272,58,344.262,0.0,-119.31,-1.005,stop,orl_break_retest_short,short
GOOGL,strategy10_scalp,2026-08-13,10:33:00,10:45:00,346.915,345.91,57,345.92,0.0,-57.28,-1.01,stop,pdh_break_retest_long,long
GOOGL,strategy10_scalp,2026-08-14,09:34:00,09:51:00,349.21,347.503,57,347.513,0.0,-97.3,-1.006,stop,pdh_break_retest_long,long
GOOGL,strategy10_scalp,2026-08-14,10:50:00,14:18:00,346.12,345.277,57,346.717,0.0,48.05,1.412,trail_stop,orl_break_retest_short,short
GOOGL,strategy10_scalp,2026-08-17,09:44:00,09:52:00,343.94,345.105,58,345.095,0.0,-67.57,-1.009,stop,pdl_break_retest_short,short
GOOGL,strategy10_scalp,2026-08-17,10:31:00,11:13:00,343.37,343.915,58,344.495,0.0,-31.61,-0.484,trail_stop,orl_break_retest_short,short
GOOGL,strategy10_scalp,2026-08-18,09:34:00,09:39:00,341.56,342.472,58,342.462,0.0,-52.9,-1.011,stop,pdl_break_retest_short,short
GOOGL,strategy10_scalp,2026-08-18,10:20:00,13:25:00,342.985,343.053,58,342.038,0.0,3.94,0.072,trail_stop,orh_break_retest_long,long
GOOGL,strategy10_scalp,2026-08-19,10:43:00,12:39:00,344.6,345.112,58,343.862,0.0,29.7,0.694,trail_stop,orh_break_retest_long,long
GOOGL,strategy10_scalp,2026-08-20,10:58:00,12:16:00,341.08,340.267,58,342.237,0.0,47.15,0.703,trail_stop,orl_break_retest_short,short
GOOGL,strategy10_scalp,2026-08-20,14:03:00,15:15:00,340.14,340.837,58,341.267,0.0,-40.43,-0.618,trail_stop,pdl_break_retest_short,short
GOOGL,strategy10_scalp,2026-08-21,10:36:00,12:14:00,342.99,344.2365,58,342.0665,0.0,72.3,1.35,trail_stop,orh_break_retest_long,long
GOOGL,strategy10_scalp,2026-08-21,12:28:00,13:59:00,344.24,344.6766,58,343.3665,0.0,25.32,0.5,trail_stop,pdh_break_retest_long,long
META,strategy10_scalp,2026-07-23,09:47:00,09:57:00,613.565,608.5502,32,608.5602,0.0,-160.47,-1.002,stop,orh_break_retest_long,long
META,strategy10_scalp,2026-07-23,10:44:00,11:58:00,604.775,602.3798,33,608.5498,0.0,79.04,0.635,trail_stop,orl_break_retest_short,short
META,strategy10_scalp,2026-07-24,10:00:00,10:20:00,601.82,604.913,33,604.903,0.0,-102.07,-1.003,stop,orl_break_retest_short,short
META,strategy10_scalp,2026-07-27,12:12:00,14:47:00,598.7,596.703,33,601.733,0.0,65.9,0.658,trail_stop,orl_break_retest_short,short
META,strategy10_scalp,2026-07-27,15:49:00,15:50:00,593.69,594.2,33,596.003,0.0,-16.83,-0.22,eod_flat,pdl_break_retest_short,short
META,strategy10_scalp,2026-07-28,09:51:00,09:52:00,592.31,594.953,33,594.943,0.0,-87.22,-1.004,stop,pdl_break_retest_short,short
META,strategy10_scalp,2026-07-28,09:55:00,11:17:00,593.26,593.423,33,597.373,0.0,-5.38,-0.04,trail_stop,orl_break_retest_short,short
META,strategy10_scalp,2026-07-29,09:59:00,10:01:00,588.56,590.95,33,590.94,0.0,-78.87,-1.004,stop,orl_break_retest_short,short
META,strategy10_scalp,2026-07-29,12:08:00,12:21:00,585.71,588.41,34,588.4,0.0,-91.8,-1.004,stop,pdl_break_retest_short,short
META,strategy10_scalp,2026-07-30,12:08:00,12:11:00,536.8486,533.685,37,533.695,0.0,-117.05,-1.003,stop,orh_break_retest_long,long
META,strategy10_scalp,2026-07-31,11:32:00,13:10:00,541.67,547.44,36,538.34,0.0,207.72,1.733,trail_stop,pdh_break_retest_long,long
META,strategy10_scalp,2026-08-04,13:12:00,15:50:00,587.17,590.33,34,580.694,0.0,107.44,0.488,eod_flat,orh_break_retest_long,long
META,strategy10_scalp,2026-08-05,09:37:00,10:22:00,594.71,592.0463,33,591.3333,0.0,-87.9,-0.789,trail_stop,pdh_break_retest_long,long
META,strategy10_scalp,2026-08-05,10:29:00,12:21:00,592.58,584.8927,33,595.4537,0.0,253.68,2.675,trail_stop,orl_break_retest_short,short
META,strategy10_scalp,2026-08-06,10:38:00,10:45:00,593.71,590.1742,33,590.1842,0.0,-116.68,-1.003,stop,orh_break_retest_long,long
META,strategy10_scalp,2026-08-07,10:38:00,11:32:00,595.778,595.5086,33,594.3785,0.0,-8.89,-0.192,trail_stop,pdh_break_retest_long,long
META,strategy10_scalp,2026-08-10,09:41:00,09:43:00,599.44,597.4179,33,597.4279,0.0,-66.73,-1.005,stop,pdh_break_retest_long,long
META,strategy10_scalp,2026-08-10,09:44:00,10:09:00,596.17,598.322,33,598.312,0.0,-71.02,-1.005,stop,orl_break_retest_short,short
META,strategy10_scalp,2026-08-11,10:10:00,11:10:00,609.17,606.802,32,606.592,0.0,-75.78,-0.919,trail_stop,pdh_break_retest_long,long
META,strategy10_scalp,2026-08-11,15:26:00,15:50:00,600.955,600.26,33,598.092,0.0,-22.94,-0.243,eod_flat,orh_break_retest_long,long
META,strategy10_scalp,2026-08-13,09:44:00,11:28:00,588.4101,585.8411,33,584.3247,0.0,-84.78,-0.629,trail_stop,orh_break_retest_long,long
META,strategy10_scalp,2026-08-14,09:47:00,10:29:00,597.16,595.854,33,594.204,0.0,-43.1,-0.442,trail_stop,pdh_break_retest_long,long
META,strategy10_scalp,2026-08-14,10:56:00,15:50:00,593.54,590.73,33,596.656,0.0,92.73,0.902,eod_flat,orl_break_retest_short,short
META,strategy10_scalp,2026-08-17,10:32:00,14:21:00,577.66,567.317,34,579.807,0.0,351.66,4.817,trail_stop,orl_break_retest_short,short
META,strategy10_scalp,2026-08-18,09:46:00,11:04:00,546.9,551.119,36,552.289,0.0,-151.88,-0.783,trail_stop,orl_break_retest_short,short
META,strategy10_scalp,2026-08-19,09:33:00,09:52:00,538.32,544.965,37,544.955,0.0,-245.86,-1.002,stop,pdl_break_retest_short,short
META,strategy10_scalp,2026-08-19,09:58:00,14:18:00,545.06,550.7651,36,541.975,0.0,205.38,1.849,trail_stop,orh_break_retest_long,long
META,strategy10_scalp,2026-08-20,09:43:00,10:04:00,548.3,545.41,36,545.42,0.0,-104.04,-1.003,stop,orh_break_retest_long,long
META,strategy10_scalp,2026-08-20,11:17:00,12:34:00,542.67,545.0618,36,545.37,0.0,-86.1,-0.886,trail_stop,orl_break_retest_short,short
META,strategy10_scalp,2026-08-21,09:39:00,11:24:00,549.46,549.3772,36,546.4922,0.0,-2.98,-0.028,trail_stop,orh_break_retest_long,long
META,strategy10_scalp,2026-08-21,12:28:00,13:34:00,550.86,551.2172,36,548.9202,0.0,12.86,0.184,trail_stop,pdh_break_retest_long,long
MSFT,strategy10_scalp,2026-07-24,09:55:00,11:00:00,382.13,384.549,52,384.539,0.0,-125.79,-1.004,stop,orl_break_retest_short,short
MSFT,strategy10_scalp,2026-07-27,09:33:00,09:34:00,390.57,388.182,51,388.192,0.0,-121.79,-1.004,stop,pdh_break_retest_long,long
MSFT,strategy10_scalp,2026-07-27,11:15:00,11:36:00,393.04,391.762,50,391.602,0.0,-63.9,-0.889,trail_stop,orh_break_retest_long,long
MSFT,strategy10_scalp,2026-07-28,09:34:00,09:47:00,394.74,393.569,50,393.579,0.0,-58.55,-1.009,stop,pdh_break_retest_long,long
MSFT,strategy10_scalp,2026-07-28,10:24:00,10:28:00,396.64,395.539,50,395.549,0.0,-55.05,-1.009,stop,orh_break_retest_long,long
MSFT,strategy10_scalp,2026-07-29,09:35:00,09:58:00,390.75,392.212,51,392.202,0.0,-74.56,-1.007,stop,pdl_break_retest_short,short
MSFT,strategy10_scalp,2026-07-29,11:03:00,12:11:00,394.75,393.5481,50,393.378,0.0,-60.09,-0.876,trail_stop,orh_break_retest_long,long
MSFT,strategy10_scalp,2026-07-30,09:45:00,09:54:00,449.18,446.509,44,446.519,0.0,-117.52,-1.004,stop,orh_break_retest_long,long
MSFT,strategy10_scalp,2026-07-31,09:55:00,10:13:00,461.26,456.055,43,456.065,0.0,-223.81,-1.002,stop,pdh_break_retest_long,long
MSFT,strategy10_scalp,2026-07-31,12:11:00,15:50:00,461.91,462.42,43,457.225,0.0,21.93,0.109,eod_flat,orh_break_retest_long,long
MSFT,strategy10_scalp,2026-08-03,09:52:00,10:25:00,490.182,485.8491,40,484.459,0.0,-173.32,-0.757,trail_stop,orh_break_retest_long,long
MSFT,strategy10_scalp,2026-08-04,09:59:00,12:34:00,489.9,495.505,40,486.835,0.0,224.2,1.829,trail_stop,orh_break_retest_long,long
MSFT,strategy10_scalp,2026-08-05,09:46:00,11:00:00,490.74,491.6369,40,495.207,0.0,-35.88,-0.201,trail_stop,orl_break_retest_short,short
MSFT,strategy10_scalp,2026-08-06,09:38:00,11:18:00,494.68,495.374,40,490.544,0.0,27.76,0.168,trail_stop,orh_break_retest_long,long
MSFT,strategy10_scalp,2026-08-06,15:32:00,15:50:00,499.78,498.19,40,496.984,0.0,-63.6,-0.569,eod_flat,pdh_break_retest_long,long
MSFT,strategy10_scalp,2026-08-07,09:44:00,12:57:00,503.61,501.6265,39,500.2515,0.0,-77.36,-0.591,trail_stop,pdh_break_retest_long,long
MSFT,strategy10_scalp,2026-08-10,09:34:00,09:34:00,505.895,504.525,39,504.535,0.0,-53.43,-1.007,stop,pdh_break_retest_long,long
MSFT,strategy10_scalp,2026-08-10,10:20:00,10:47:00,510.25,509.845,39,508.235,0.0,-15.79,-0.201,trail_stop,orh_break_retest_long,long
MSFT,strategy10_scalp,2026-08-11,09:45:00,10:46:00,501.41,503.136,39,503.416,0.0,-67.31,-0.86,trail_stop,pdl_break_retest_short,short
MSFT,strategy10_scalp,2026-08-11,11:39:00,12:09:00,500.8011,502.5559,39,502.946,0.0,-68.44,-0.818,trail_stop,orl_break_retest_short,short
MSFT,strategy10_scalp,2026-08-12,09:38:00,10:12:00,498.43,495.773,40,500.128,0.0,106.28,1.565,trail_stop,pdl_break_retest_short,short
MSFT,strategy10_scalp,2026-08-13,09:48:00,10:40:00,498.9392,498.272,40,496.802,0.0,-26.69,-0.312,trail_stop,orh_break_retest_long,long
MSFT,strategy10_scalp,2026-08-14,09:53:00,11:28:00,497.25,497.667,40,495.997,0.0,16.68,0.333,trail_stop,orh_break_retest_long,long
MSFT,strategy10_scalp,2026-08-17,09:42:00,11:12:00,488.64,484.3689,40,490.409,0.0,170.84,2.414,trail_stop,orl_break_retest_short,short
MSFT,strategy10_scalp,2026-08-18,15:11:00,15:50:00,483.4877,482.19,41,481.345,0.0,-53.21,-0.606,eod_flat,orh_break_retest_long,long
MSFT,strategy10_scalp,2026-08-19,10:04:00,10:25:00,483.45,482.218,41,482.228,0.0,-50.51,-1.008,stop,orh_break_retest_long,long
MSFT,strategy10_scalp,2026-08-19,11:12:00,11:22:00,484.73,483.548,41,483.558,0.0,-48.46,-1.009,stop,pdh_break_retest_long,long
MSFT,strategy10_scalp,2026-08-21,10:15:00,10:20:00,484.885,483.684,41,483.694,0.0,-49.24,-1.008,stop,pdh_break_retest_long,long
MSFT,strategy10_scalp,2026-08-21,11:11:00,11:18:00,484.8676,484.104,41,484.114,0.0,-31.31,-1.013,stop,orh_break_retest_long,long
NVDA,strategy10_scalp,2026-07-23,10:52:00,12:02:00,207.6187,208.354,96,209.394,0.0,-70.59,-0.414,trail_stop,orl_break_retest_short,short
NVDA,strategy10_scalp,2026-07-24,12:08:00,12:30:00,211.32,210.3678,94,210.3778,0.0,-89.5,-1.011,stop,pdh_break_retest_long,long
NVDA,strategy10_scalp,2026-07-24,14:43:00,15:34:00,206.4499,206.0859,96,207.2209,0.0,34.95,0.472,trail_stop,orl_break_retest_short,short
NVDA,strategy10_scalp,2026-07-28,09:35:00,10:36:00,194.19,196.0106,102,196.771,0.0,-185.7,-0.705,trail_stop,pdl_break_retest_short,short
NVDA,strategy10_scalp,2026-07-28,11:06:00,15:50:00,196.42,197.38,101,194.124,0.0,96.96,0.418,eod_flat,orh_break_retest_long,long
NVDA,strategy10_scalp,2026-07-29,09:55:00,11:02:00,194.12,192.916,103,195.456,0.0,124.01,0.901,trail_stop,orl_break_retest_short,short
NVDA,strategy10_scalp,2026-07-29,11:20:00,12:53:00,192.38,192.146,103,193.336,0.0,24.1,0.245,trail_stop,pdl_break_retest_short,short
NVDA,strategy10_scalp,2026-07-30,09:55:00,10:46:00,194.1599,195.3636,103,192.7936,0.0,123.98,0.881,trail_stop,orh_break_retest_long,long
NVDA,strategy10_scalp,2026-07-31,09:33:00,10:04:00,198.24,196.667,100,196.677,0.0,-157.3,-1.006,stop,pdh_break_retest_long,long
NVDA,strategy10_scalp,2026-07-31,10:08:00,10:36:00,196.17,197.693,101,197.683,0.0,-153.82,-1.007,stop,orl_break_retest_short,short
NVDA,strategy10_scalp,2026-08-03,09:57:00,15:39:00,200.7101,207.345,99,199.125,0.0,656.86,4.186,trail_stop,orh_break_retest_long,long
NVDA,strategy10_scalp,2026-08-04,09:59:00,15:50:00,209.83,212.64,95,207.551,0.0,266.95,1.233,eod_flat,pdh_break_retest_long,long
NVDA,strategy10_scalp,2026-08-05,09:48:00,10:30:00,220.7089,220.449,90,219.199,0.0,-23.39,-0.172,trail_stop,orh_break_retest_long,long
NVDA,strategy10_scalp,2026-08-06,09:41:00,10:00:00,223.345,221.628,89,221.638,0.0,-152.81,-1.006,stop,pdh_break_retest_long,long
NVDA,strategy10_scalp,2026-08-06,10:31:00,12:19:00,219.385,218.7719,91,220.602,0.0,55.79,0.504,trail_stop,orl_break_retest_short,short
NVDA,strategy10_scalp,2026-08-07,10:48:00,12:02:00,223.53,223.407,89,222.327,0.0,-10.95,-0.102,trail_stop,orh_break_retest_long,long
NVDA,strategy10_scalp,2026-08-10,10:01:00,12:17:00,221.855,219.9299,90,222.82,0.0,173.26,1.995,trail_stop,orl_break_retest_short,short
NVDA,strategy10_scalp,2026-08-10,12:27:00,13:08:00,219.605,218.01,91,221.07,0.0,145.15,1.089,trail_stop,pdl_break_retest_short,short
NVDA,strategy10_scalp,2026-08-11,09:39:00,10:56:00,219.36,220.3068,91,221.2368,0.0,-86.16,-0.504,trail_stop,orl_break_retest_short,short
NVDA,strategy10_scalp,2026-08-12,09:57:00,11:40:00,222.61,223.22,89,221.6,0.0,54.29,0.604,trail_stop,pdh_break_retest_long,long
NVDA,strategy10_scalp,2026-08-12,11:41:00,14:03:00,223.29,223.23,89,221.85,0.0,-5.34,-0.042,trail_stop,orh_break_retest_long,long
NVDA,strategy10_scalp,2026-08-13,09:46:00,10:47:00,225.6,225.15,88,224.61,0.0,-39.6,-0.455,trail_stop,pdh_break_retest_long,long
NVDA,strategy10_scalp,2026-08-13,11:37:00,11:42:00,223.835,224.63,89,224.62,0.0,-70.75,-1.013,stop,orl_break_retest_short,short
NVDA,strategy10_scalp,2026-08-14,09:41:00,09:45:00,225.775,226.452,88,226.442,0.0,-59.58,-1.015,stop,orl_break_retest_short,short
NVDA,strategy10_scalp,2026-08-17,11:20:00,11:40:00,227.43,226.861,87,226.871,0.0,-49.5,-1.018,stop,orh_break_retest_long,long
NVDA,strategy10_scalp,2026-08-17,12:05:00,12:12:00,227.675,227.181,87,227.191,0.0,-42.98,-1.021,stop,pdh_break_retest_long,long
NVDA,strategy10_scalp,2026-08-18,09:39:00,09:44:00,221.21,220.364,90,220.374,0.0,-76.14,-1.012,stop,orh_break_retest_long,long
NVDA,strategy10_scalp,2026-08-18,10:15:00,10:24:00,219.0,219.748,91,219.738,0.0,-68.07,-1.014,stop,orl_break_retest_short,short
NVDA,strategy10_scalp,2026-08-19,09:33:00,09:35:00,222.14,221.335,90,221.345,0.0,-72.45,-1.013,stop,pdh_break_retest_long,long
NVDA,strategy10_scalp,2026-08-19,10:01:00,10:31:00,218.47,218.435,91,218.9852,0.0,3.19,0.068,trail_stop,pdl_break_retest_short,short
NVDA,strategy10_scalp,2026-08-20,09:40:00,09:48:00,219.47,218.179,91,218.189,0.0,-117.48,-1.008,stop,orh_break_retest_long,long
NVDA,strategy10_scalp,2026-08-20,11:26:00,12:24:00,216.75,216.921,92,217.786,0.0,-15.73,-0.165,trail_stop,orl_break_retest_short,short
NVDA,strategy10_scalp,2026-08-21,09:58:00,11:11:00,216.26,215.61,92,217.25,0.0,59.8,0.657,trail_stop,orl_break_retest_short,short
NVDA,strategy10_scalp,2026-08-21,13:07:00,13:45:00,215.4399,215.66,92,216.08,0.0,-20.25,-0.344,trail_stop,pdl_break_retest_short,short
QQQ,strategy10_scalp,2026-07-23,09:40:00,09:51:00,696.62,695.211,28,695.221,0.0,-39.45,-1.007,stop,orh_break_retest_long,long
QQQ,strategy10_scalp,2026-07-23,10:49:00,11:56:00,692.675,691.289,28,693.819,0.0,38.81,1.212,trail_stop,orl_break_retest_short,short
QQQ,strategy10_scalp,2026-07-24,09:49:00,10:57:00,688.5598,687.267,29,690.597,0.0,37.49,0.635,trail_stop,orl_break_retest_short,short
QQQ,strategy10_scalp,2026-07-24,11:07:00,11:11:00,686.68,688.887,29,688.877,0.0,-64.0,-1.005,stop,pdl_break_retest_short,short
QQQ,strategy10_scalp,2026-07-27,09:47:00,10:56:00,687.94,680.935,29,690.205,0.0,203.15,3.093,trail_stop,orl_break_retest_short,short
QQQ,strategy10_scalp,2026-07-27,11:07:00,12:03:00,681.12,679.5849,29,683.495,0.0,44.52,0.646,trail_stop,pdl_break_retest_short,short
QQQ,strategy10_scalp,2026-07-28,09:35:00,10:47:00,674.44,672.5355,29,677.5805,0.0,55.23,0.606,trail_stop,pdl_break_retest_short,short
QQQ,strategy10_scalp,2026-07-28,10:58:00,11:20:00,673.13,675.9855,29,675.9755,0.0,-82.81,-1.004,stop,orl_break_retest_short,short
QQQ,strategy10_scalp,2026-07-29,10:07:00,12:26:00,671.7116,666.411,29,674.772,0.0,153.72,1.732,trail_stop,orl_break_retest_short,short
QQQ,strategy10_scalp,2026-07-29,12:32:00,13:01:00,667.07,668.2812,29,669.032,0.0,-35.12,-0.617,trail_stop,pdl_break_retest_short,short
QQQ,strategy10_scalp,2026-07-30,09:45:00,10:54:00,677.26,679.669,29,673.289,0.0,69.86,0.607,trail_stop,orh_break_retest_long,long
QQQ,strategy10_scalp,2026-07-30,12:05:00,12:43:00,681.51,679.389,29,678.159,0.0,-61.51,-0.633,trail_stop,pdh_break_retest_long,long
QQQ,strategy10_scalp,2026-07-31,09:55:00,10:04:00,686.19,683.928,29,683.938,0.0,-65.6,-1.004,stop,pdh_break_retest_long,long
QQQ,strategy10_scalp,2026-08-03,09:40:00,15:50:00,690.4,700.46,28,687.1281,0.0,281.68,3.075,eod_flat,orh_break_retest_long,long
QQQ,strategy10_scalp,2026-08-04,09:46:00,15:50:00,713.48,724.81,28,710.223,0.0,317.24,3.479,eod_flat,orh_break_retest_long,long
QQQ,strategy10_scalp,2026-08-05,09:40:00,10:30:00,726.88,724.262,27,723.847,0.0,-70.69,-0.863,trail_stop,pdh_break_retest_long,long
QQQ,strategy10_scalp,2026-08-05,10:35:00,12:30:00,723.94,722.853,27,727.038,0.0,29.35,0.351,trail_stop,orl_break_retest_short,short
QQQ,strategy10_scalp,2026-08-06,09:41:00,11:37:00,713.33,716.038,28,710.488,0.0,75.82,0.953,trail_stop,orh_break_retest_long,long
QQQ,strategy10_scalp,2026-08-06,11:43:00,12:59:00,716.14,716.132,27,718.082,0.0,0.22,0.004,trail_stop,pdl_break_retest_short,short
QQQ,strategy10_scalp,2026-08-07,09:33:00,09:57:00,721.66,718.708,27,718.238,0.0,-79.7,-0.863,trail_stop,pdh_break_retest_long,long
QQQ,strategy10_scalp,2026-08-07,10:02:00,10:23:00,718.88,720.592,27,720.582,0.0,-46.22,-1.006,stop,orl_break_retest_short,short
QQQ,strategy10_scalp,2026-08-10,10:10:00,10:53:00,724.09,722.688,27,722.538,0.0,-37.85,-0.903,trail_stop,orh_break_retest_long,long
QQQ,strategy10_scalp,2026-08-11,09:39:00,09:40:00,720.08,720.774,27,720.764,0.0,-18.74,-1.015,stop,pdl_break_retest_short,short
QQQ,strategy10_scalp,2026-08-11,09:46:00,10:00:00,719.49,721.034,27,721.024,0.0,-41.69,-1.007,stop,orl_break_retest_short,short
QQQ,strategy10_scalp,2026-08-12,09:42:00,10:31:00,724.56,723.222,27,722.592,0.0,-36.13,-0.68,trail_stop,pdh_break_retest_long,long
QQQ,strategy10_scalp,2026-08-12,11:04:00,12:25:00,723.495,724.538,27,725.078,0.0,-28.16,-0.659,trail_stop,orl_break_retest_short,short
QQQ,strategy10_scalp,2026-08-13,09:46:00,11:00:00,728.87,732.087,27,726.817,0.0,86.86,1.567,trail_stop,pdh_break_retest_long,long
QQQ,strategy10_scalp,2026-08-14,10:19:00,12:27:00,732.14,730.193,27,733.573,0.0,52.57,1.359,trail_stop,orl_break_retest_short,short
QQQ,strategy10_scalp,2026-08-17,10:21:00,10:43:00,731.65,732.887,27,732.877,0.0,-33.4,-1.008,stop,orl_break_retest_short,short
QQQ,strategy10_scalp,2026-08-18,10:10:00,10:24:00,718.47,719.331,27,719.321,0.0,-23.25,-1.012,stop,orl_break_retest_short,short
QQQ,strategy10_scalp,2026-08-19,09:39:00,10:31:00,718.29,715.471,27,719.881,0.0,76.11,1.772,trail_stop,orl_break_retest_short,short
QQQ,strategy10_scalp,2026-08-19,14:10:00,14:30:00,715.595,716.551,27,716.541,0.0,-25.81,-1.011,stop,pdl_break_retest_short,short
QQQ,strategy10_scalp,2026-08-20,09:53:00,10:10:00,711.34,713.509,28,713.499,0.0,-60.73,-1.005,stop,pdl_break_retest_short,short
QQQ,strategy10_scalp,2026-08-20,11:24:00,12:44:00,711.27,712.529,28,712.6522,0.0,-35.25,-0.911,trail_stop,orl_break_retest_short,short
QQQ,strategy10_scalp,2026-08-21,09:41:00,11:00:00,712.11,712.022,28,713.182,0.0,2.46,0.082,trail_stop,orl_break_retest_short,short
SPY,strategy10_scalp,2026-07-23,09:42:00,09:48:00,741.84,740.995,26,741.005,0.0,-21.97,-1.012,stop,orh_break_retest_long,long
SPY,strategy10_scalp,2026-07-23,10:54:00,12:02:00,738.13,738.035,27,738.835,0.0,2.57,0.135,trail_stop,orl_break_retest_short,short
SPY,strategy10_scalp,2026-07-24,09:55:00,10:09:00,737.82,739.165,27,739.155,0.0,-36.31,-1.007,stop,orl_break_retest_short,short
SPY,strategy10_scalp,2026-07-24,11:00:00,12:40:00,740.6,742.065,27,738.765,0.0,39.55,0.798,trail_stop,orh_break_retest_long,long
SPY,strategy10_scalp,2026-07-27,09:35:00,09:55:00,744.67,743.067,26,743.077,0.0,-41.68,-1.006,stop,pdh_break_retest_long,long
SPY,strategy10_scalp,2026-07-27,10:45:00,10:47:00,736.78,737.943,27,737.933,0.0,-31.4,-1.009,stop,pdl_break_retest_short,short
SPY,strategy10_scalp,2026-07-28,09:51:00,10:48:00,737.15,738.854,27,738.996,0.0,-46.01,-0.923,trail_stop,orl_break_retest_short,short
SPY,strategy10_scalp,2026-07-29,10:18:00,12:30:00,735.61,733.971,27,736.661,0.0,44.25,1.559,trail_stop,pdl_break_retest_short,short
SPY,strategy10_scalp,2026-07-29,14:05:00,14:38:00,738.1,738.771,27,739.401,0.0,-18.12,-0.516,trail_stop,orl_break_retest_short,short
SPY,strategy10_scalp,2026-07-30,09:50:00,10:53:00,737.4,736.362,27,734.912,0.0,-28.03,-0.417,trail_stop,orh_break_retest_long,long
SPY,strategy10_scalp,2026-07-31,09:43:00,10:31:00,743.34,740.916,26,745.366,0.0,63.02,1.196,trail_stop,orl_break_retest_short,short
SPY,strategy10_scalp,2026-07-31,11:58:00,15:50:00,743.03,748.48,26,741.664,0.0,141.7,3.99,eod_flat,pdh_break_retest_long,long
SPY,strategy10_scalp,2026-08-03,09:50:00,15:50:00,751.93,758.14,26,750.1985,0.0,161.46,3.586,eod_flat,orh_break_retest_long,long
SPY,strategy10_scalp,2026-08-04,09:50:00,15:50:00,762.55,772.9,26,760.902,0.0,269.1,6.28,eod_flat,orh_break_retest_long,long
SPY,strategy10_scalp,2026-08-05,10:35:00,15:50:00,774.56,771.5,25,776.549,0.0,76.5,1.538,eod_flat,orl_break_retest_short,short
SPY,strategy10_scalp,2026-08-06,09:52:00,10:29:00,771.44,770.146,25,770.056,0.0,-32.35,-0.935,trail_stop,orh_break_retest_long,long
SPY,strategy10_scalp,2026-08-06,11:22:00,14:14:00,769.04,769.024,26,770.244,0.0,0.42,0.013,trail_stop,pdl_break_retest_short,short
SPY,strategy10_scalp,2026-08-07,09:51:00,09:56:00,771.9401,771.174,25,771.184,0.0,-19.15,-1.013,stop,orh_break_retest_long,long
SPY,strategy10_scalp,2026-08-07,10:26:00,12:23:00,772.709,772.5541,25,771.384,0.0,-3.87,-0.117,trail_stop,pdh_break_retest_long,long
SPY,strategy10_scalp,2026-08-10,10:14:00,10:59:00,774.22,773.7342,25,773.4845,0.0,-12.14,-0.661,trail_stop,pdh_break_retest_long,long
SPY,strategy10_scalp,2026-08-10,11:06:00,11:40:00,773.96,773.1895,25,773.1995,0.0,-19.26,-1.013,stop,orh_break_retest_long,long
SPY,strategy10_scalp,2026-08-11,09:39:00,09:41:00,773.02,773.583,25,773.573,0.0,-14.07,-1.018,stop,orl_break_retest_short,short
SPY,strategy10_scalp,2026-08-11,12:51:00,13:48:00,771.36,771.363,25,771.963,0.0,-0.07,-0.005,trail_stop,pdl_break_retest_short,short
SPY,strategy10_scalp,2026-08-12,10:03:00,10:26:00,772.275,773.271,25,773.261,0.0,-24.9,-1.01,stop,orl_break_retest_short,short
SPY,strategy10_scalp,2026-08-13,09:46:00,10:45:00,776.23,778.378,25,775.128,0.0,53.7,1.949,trail_stop,orh_break_retest_long,long
SPY,strategy10_scalp,2026-08-14,10:26:00,14:50:00,777.465,776.3549,25,778.4459,0.0,27.75,1.132,trail_stop,orl_break_retest_short,short
SPY,strategy10_scalp,2026-08-17,09:59:00,10:14:00,775.22,775.7771,25,775.7671,0.0,-13.93,-1.018,stop,pdl_break_retest_short,short
SPY,strategy10_scalp,2026-08-17,10:17:00,11:20:00,775.26,775.8091,25,775.7991,0.0,-13.73,-1.019,stop,orl_break_retest_short,short
SPY,strategy10_scalp,2026-08-18,11:18:00,11:45:00,767.57,768.3365,26,768.3265,0.0,-19.93,-1.013,stop,orl_break_retest_short,short
SPY,strategy10_scalp,2026-08-19,09:38:00,09:48:00,769.935,769.232,25,769.242,0.0,-17.57,-1.014,stop,pdh_break_retest_long,long
SPY,strategy10_scalp,2026-08-19,10:03:00,10:19:00,769.7198,770.128,25,770.118,0.0,-10.21,-1.025,stop,orl_break_retest_short,short
SPY,strategy10_scalp,2026-08-20,09:43:00,09:49:00,767.6,766.653,26,766.663,0.0,-24.62,-1.011,stop,orh_break_retest_long,long
SPY,strategy10_scalp,2026-08-20,10:20:00,10:20:00,765.4299,766.307,26,766.297,0.0,-22.8,-1.012,stop,orl_break_retest_short,short
SPY,strategy10_scalp,2026-08-21,09:59:00,10:06:00,764.44,765.451,26,765.441,0.0,-26.29,-1.01,stop,orl_break_retest_short,short
SPY,strategy10_scalp,2026-08-21,11:37:00,12:09:00,766.715,766.319,26,765.539,0.0,-10.3,-0.337,trail_stop,orh_break_retest_long,long
TSLA,strategy10_scalp,2026-07-23,09:45:00,11:46:00,334.27,322.077,59,336.417,0.0,719.39,5.679,trail_stop,orl_break_retest_short,short
TSLA,strategy10_scalp,2026-07-24,09:57:00,15:44:00,315.775,310.8575,63,320.1375,0.0,309.8,1.127,trail_stop,orl_break_retest_short,short
TSLA,strategy10_scalp,2026-07-24,15:47:00,15:50:00,310.43,310.96,62,318.3725,0.0,-32.86,-0.067,eod_flat,pdl_break_retest_short,short
TSLA,strategy10_scalp,2026-07-27,10:15:00,11:03:00,309.29,309.515,64,312.485,0.0,-14.4,-0.07,trail_stop,orl_break_retest_short,short
TSLA,strategy10_scalp,2026-07-27,14:40:00,15:07:00,305.6799,308.165,65,308.155,0.0,-161.53,-1.004,stop,pdl_break_retest_short,short
TSLA,strategy10_scalp,2026-07-28,09:54:00,10:50:00,303.565,304.502,65,305.552,0.0,-60.91,-0.472,trail_stop,pdl_break_retest_short,short
TSLA,strategy10_scalp,2026-07-28,11:54:00,12:24:00,308.55,305.908,64,305.918,0.0,-169.09,-1.004,stop,orh_break_retest_long,long
TSLA,strategy10_scalp,2026-07-29,10:26:00,12:57:00,303.4488,302.187,65,305.617,0.0,82.02,0.582,trail_stop,orl_break_retest_short,short
TSLA,strategy10_scalp,2026-07-30,09:40:00,10:54:00,305.2095,305.3827,65,303.0619,0.0,11.26,0.081,trail_stop,orh_break_retest_long,long
TSLA,strategy10_scalp,2026-07-30,15:14:00,15:50:00,309.79,309.65,64,307.892,0.0,-8.96,-0.074,eod_flat,pdh_break_retest_long,long
TSLA,strategy10_scalp,2026-07-31,10:54:00,10:59:00,307.94,309.464,64,309.454,0.0,-97.54,-1.007,stop,orl_break_retest_short,short
TSLA,strategy10_scalp,2026-07-31,13:56:00,15:11:00,311.36,309.933,64,309.916,0.0,-91.33,-0.988,trail_stop,pdh_break_retest_long,long
TSLA,strategy10_scalp,2026-08-03,09:48:00,12:32:00,317.07,321.587,63,314.147,0.0,284.57,1.545,trail_stop,pdh_break_retest_long,long
TSLA,strategy10_scalp,2026-08-04,12:05:00,14:00:00,325.605,325.1875,61,323.2275,0.0,-25.47,-0.176,trail_stop,pdh_break_retest_long,long
TSLA,strategy10_scalp,2026-08-04,14:44:00,15:50:00,327.5501,328.21,61,325.2975,0.0,40.25,0.293,eod_flat,orh_break_retest_long,long
TSLA,strategy10_scalp,2026-08-05,09:42:00,10:30:00,325.6,323.642,61,323.002,0.0,-119.44,-0.754,trail_stop,orh_break_retest_long,long
TSLA,strategy10_scalp,2026-08-06,09:47:00,10:46:00,318.965,319.554,62,317.884,0.0,36.52,0.545,trail_stop,orh_break_retest_long,long
TSLA,strategy10_scalp,2026-08-06,11:55:00,14:17:00,319.735,318.776,62,320.966,0.0,59.46,0.779,trail_stop,pdl_break_retest_short,short
TSLA,strategy10_scalp,2026-08-07,09:33:00,09:33:00,323.94,322.242,61,322.252,0.0,-103.57,-1.006,stop,pdh_break_retest_long,long
TSLA,strategy10_scalp,2026-08-07,09:43:00,10:04:00,325.405,324.3966,61,323.662,0.0,-61.52,-0.579,trail_stop,orh_break_retest_long,long
TSLA,strategy10_scalp,2026-08-10,10:05:00,11:39:00,330.17,328.3421,60,328.1821,0.0,-109.68,-0.92,trail_stop,orh_break_retest_long,long
TSLA,strategy10_scalp,2026-08-11,09:50:00,09:54:00,332.3,331.45,60,331.46,0.0,-51.0,-1.012,stop,pdh_break_retest_long,long
TSLA,strategy10_scalp,2026-08-11,10:03:00,10:31:00,334.18,333.75,59,333.21,0.0,-25.37,-0.443,trail_stop,orh_break_retest_long,long
TSLA,strategy10_scalp,2026-08-12,09:47:00,11:50:00,329.5885,325.227,60,330.897,0.0,261.69,3.333,trail_stop,orl_break_retest_short,short
TSLA,strategy10_scalp,2026-08-13,09:41:00,15:50:00,331.16,339.31,60,327.584,0.0,489.0,2.279,eod_flat,orh_break_retest_long,long
TSLA,strategy10_scalp,2026-08-14,09:34:00,10:19:00,344.4,346.735,58,340.0,0.0,135.43,0.531,trail_stop,pdh_break_retest_long,long
TSLA,strategy10_scalp,2026-08-14,10:26:00,10:40:00,346.58,344.0,57,344.01,0.0,-147.06,-1.004,stop,orh_break_retest_long,long
TSLA,strategy10_scalp,2026-08-17,15:26:00,15:36:00,344.55,339.8971,58,339.9071,0.0,-269.87,-1.002,stop,orh_break_retest_long,long
TSLA,strategy10_scalp,2026-08-18,09:45:00,09:48:00,336.7,338.287,59,338.277,0.0,-93.63,-1.006,stop,pdl_break_retest_short,short
TSLA,strategy10_scalp,2026-08-18,11:03:00,12:18:00,335.7,337.7663,59,333.8529,0.0,121.91,1.119,trail_stop,orh_break_retest_long,long
TSLA,strategy10_scalp,2026-08-19,09:51:00,09:53:00,336.73,338.531,59,338.521,0.0,-106.26,-1.006,stop,orl_break_retest_short,short
TSLA,strategy10_scalp,2026-08-19,10:34:00,11:50:00,341.96,345.859,58,340.349,0.0,226.14,2.42,trail_stop,orh_break_retest_long,long
TSLA,strategy10_scalp,2026-08-20,10:11:00,11:13:00,342.72,342.052,58,345.2421,0.0,38.74,0.265,trail_stop,orl_break_retest_short,short
TSLA,strategy10_scalp,2026-08-21,09:35:00,11:24:00,348.15,359.5534,57,346.646,0.0,649.99,7.582,trail_stop,pdh_break_retest_long,long
